id,text,sentiment
302,LOCATION1 is just a normal area that happens to have an alternative market,None
460,""" My mate then went on to ask: ""Well, isn't LOCATION2 considered PART of LOCATION1",None
582,"""I'm from LOCATION1 so I'm hard""",None
465,'Bo-bos' - bourgeois bohemians - are particularly prevalent in these parts (these are the British equivalent of American Trustafarians - young boys and girls who have a rich mummy and daddy but who pretend to be poor) Its in the suburbs of London in LOCATION1,None
270,"( I was born n maternity hospital in Clapton ) Lived in LOCATION2 and LOCATION1 , Not now though thanks",None
322,"( LOCATION1 is the nearest tube station , just about a 4 min walk ) Youre lucky youre going to be studying in London",None
330,"(If only LOCATION1/London is London then even SW2 isn't London either)  Cor - makes you so wild, doesn't it",None
20,"(That's a point for Surrey - the county cricket club is based at the LOCATION1 cricket ground, which isn't even in Surrey any more",None
615,) A mate of mine from back home tells me LOCATION1 was on a compulsory four P,None
662,", LOCATION1 , LOCATION2 are all good places to stay and within 35 minutes by fast train from Central London",None
464,- The LOCATION1 street shows,None
482,18.15 Birmingham moor street - LOCATION1 Or use snow hill,None
500,28 out of 30  I only know LOCATION1 well,None
197,"373 Lonsdale Road, LOCATION1, London SW13. Tel: 020 8765241 [South of the river",None
69,:) or LOCATION1,None
530,":/ When we stayed in London the first time, we stayed in LOCATION2 near LOCATION1",None
226,"@b: LOCATION1 is in Hertfordshire not London, and it is even worse than Bexley",None
292,A Brazilian man was shot there 3 years ago in LOCATION1 station by a policeman i think he was a suspected terrorist of the 7/7 bombings on London transport,None
78,"A friend of mine lived in LOCATION1 and she liked it, though other people have told me it's a bit rough",None
105,"A good place to live would be LOCATION1 which is fairly central and not as expensive as some other areas but full of bars, pubs and restaurants",None
591,"A lot of London's central core was built of LOCATION1 and brick, as was mentioned by other answerers of this question",None
323,"A must see place is LOCATION1 what with the street entertainers good places to eat, a great market and some nice places to drink",None
593,"Above all the fact that London London and London town were two different jurisdictions, and LOCATION1 had its own jurisdiction",None
610,"Additionally , the School of Oriental and African Studies ( SOAS ) has a large number of students from Asian backgrounds and countries and their student union regularly holds and hosts events to which they welcome non-SOAS students : The above website also has some links under ` Housing and Accomodation ' for affordable housing options for all students LOCATION1 can be a nice area - near the cemetery is good , but maybe too expensive for you",None
633,"Administratively, LOCATION2 is part of the London borough of LOCATION1",None
459,Agree with LOCATION1,None
31,All have their share of Bars and Night life etc but for this I think LOCATION1 would be my favourite,None
112,All in all LOCATION1 one of the better suburbs of London though can be expensive,None
381,All this is REALLY easy to look up yourself  Look at a MAP  SE London YUCK LOCATION1 is where I live,None
419,"All told , if money was no object then LOCATION1 is the area of London I would choose to live in",None
579,Allow 1 hour You can also take an SWT train from LOCATION2 (Surface Rail Station) to LOCATION1 then the Bakerloo Line to Regent's Park,None
164,Also parts of LOCATION1,None
348,"Also police stats show that LOCATION1, which includes most of these areas, scores pretty highly on numbers of reported racist crimes",None
709,Also there 's LOCATION2 right next to it - also very good for rent rates - check it out LOCATION1 is nice but quiete area,None
679,"Also, I would suggest LOCATION1/LOCATION2",None
346,"Also, no trees so plenty of space to park on the pavement  Hamstead, LOCATION2, LOCATION1, Regent's Park Bishops avenue N2, OMFG",None
655,"Also, the areas of LOCATION2 and LOCATION1 in NW London can be a bit unsafe, but you are unlikely to go to those anyway",None
144,"Alternatively, some writers suggest that LOCATION1 can refer to nearby Campden Hill, but the local place name and map evidence is against this",None
436,"Although i live in LOCATION1, Essex",None
734,"Although i think LOCATION1 is quite expensive, a hot spot for the rich and succesful  LOCATION2,  Highly sought-after area, housing is pricey, large Jewish population",None
684,"Although there are nice sections of LOCATION2 with great amenities, LOCATION1 seems to be the up and coming nicer areas",None
458,An address with a London Postal district - eg N18 or N9 would not have used LOCATION1 in the address when the county was still in existence,None
349,"An aerial view of the baroque Naval College, Queen's House, National Maritime Museum and LOCATION1 with The    - Cached",None
117,And i agree the Dublin Castle is one of my favorite pubs in LOCATION1,None
234,"And you ca n't talk with the police because they are all corrupt London is the most expensive London in the UK and apartments are mostly quite expensive , but if you really want to move here , LOCATION1 is probably the least expensive part of town",None
509,"Anyway , LOCATION1 is your best bet for secure  although completely soul-less and sterile",None
116,Anywhere BUT LOCATION1 or LOCATION2 I am moving with my girlfriend to London due to my career,None
671,Areas such as LOCATION1 or LOCATION2 are far more pleasant,None
499,"As for LOCATION1, there is  shopping Street and easy access to the London or Westend",None
37,As for the other places they've listed then they're all good apart from LOCATION1,None
443,As to the getting mugged and killed - just avoid LOCATION1,None
232,"At LOCATION1, the Jubilee line had to be tunnelled very deep to avoid so much secret underground stuff",None
433,"At the end of the LOCATION1 is trafalgar Square, which was built in the early 19th century",None
554,At the moment I live in LOCATION1,None
389,Avoid LOCATION1 - it's super pricey,None
408,Avoid LOCATION1 though,None
289,"Basically if your heading for the LOCATION1, buy or rent on the river, there tends to be plenty of police around so the crime rate is reasonably good",None
581,Be sure to visit Speaker Corner and listen to all the crazies rant on about just about everything imaginable and feel free to heckle Yeah LOCATION1 is free and it 's a great place to have a family day out,None
317,"Because it is close to London , has good quality housing and good schools , LOCATION1 is an expensive area to live",None
325,"Being in LOCATION1 where I'm currently renting I don't feel I'm well outside my home area thankfully, but still on the edge of it",None
669,Best bet is around LOCATION2 and LOCATION1 area in the northwest corner really nice I used to know someone who lived there,None
332,"Big Ben was boring but nearby I think in or near LOCATION1 abbey there is this place you can go to see some very rare books, and I think THE first book printed",None
139,But LOCATION1 does not have London postcodes,None
382,But basically people live where they can afford  LOCATION1 Rich and Famous,None
498,"But on the upside, some parts of LOCATION1 are really lovely , there are excellent bus services to anywhere you need to go",None
345,"But some parts are e g LOCATION1, however once again, very expensive and lots of snobbery going on there",None
274,"But to the north and east, LOCATION1 is surprisingly peaceful and leafy",Positive
33,"But, there are some very famous places LOCATION1  that are so well known that they get a great many tourists",None
335,Can I also add that LOCATION1 clings to the edge of the Greater London area,None
119,Chamberlayne becomes Ladbroke Grove which obviously has a lot going on and take you in to LOCATION1,None
190,Cheers  Check out LOCATION1 in LOCATION2,None
648,Choose LOCATION2 or LOCATION1 if you want to hang out with toffs or famous people,None
175,Close to LOCATION1,None
461,Communication wise it's the best cause in the LOCATION1 tube station there r two main lines,None
540,Consider trendy LOCATION1 (W11) in west London,None
220,"Considering that it is part of a major London LOCATION1 is pretty low on the crime scale, but it is quite expensive",None
495,"Do n't worry , LOCATION1 is not that bad",None
573,Do the same at the next stop (LOCATION1 Green I think),None
140,Do you mean LOCATION1 in south east suburban London or the bromley-by-bow,None
261,Do you mean Wood Street in LOCATION1,None
249,EDIT I did this in the area of LOCATION1 I bought in,None
624,"EDIT: I noticed people mentioning LOCATION1 and Bromely, you must keep in mind these places are on the outskirts of London and are classed as Kent for the most part",None
521,Eating out = LOCATION2 is a rip off really and the best indian restaurants are in LOCATION1,None
551,"Enter the address code NW6 7YR - know that once LOCATION1 would have been a village , as so many areas in London were",None
588,"Even Google Maps call it 'LOCATION1, Greater London' blimey",None
604,"Fabric: A massive club in LOCATION1, playing house, techno and electro on a Saturday",None
592,Find a place in LOCATION1 - right now the price of houses is depressed,None
462,"Finnaly , LOCATION1 is n't too bad , particularly around the Furzedown area - although again , prices are starting to creep up",None
455,"First of all , yes LOCATION1 is extremely rough",None
153,For a poor area think no further than LOCATION1 -,None
127,"For evening entertainment besides bars, I reccommend (if you have time) a concert in LOCATION1 or the Comedy Store",None
558,"For example, someone I know found a flat in LOCATION1 for like 450,000, when they got there they found that it was located on the corner of the A4 and a railway line and was really grotty inside",None
195,For great cocktails go to St Germain just outside LOCATION1 tube they have happy hour so 2 for 7 and are some of hte nicest in London,None
321,For instance in LOCATION1 there is Roadhouse and Los Locos,None
240,For that money you can live around LOCATION1,None
36,"For the record, I was born in the North Mid Hospital which is in LOCATION1",None
549,Frequent trains from LOCATION1 Station to LOCATION2 in central London take 18 minutes,None
646,From LOCATION2 you get easy access by bus to LOCATION1 for Tube (District Line),None
57,From there you could drive to LOCATION1 station next day and it has a large car park,None
686,"Further away there is LOCATION2 and LOCATION1, both a bit cheaper",None
546,GOOD LUCK LOCATION1 is where I live,None
553,"Get on the tube again (or bus) and continue East  Keep going until LOCATION1  That will be the cheapest ""convenient"" areas of London",None
258,"Go to LOCATION1, they play almost every great band there",None
376,Good areas where lots of travelers live are LOCATION1 and Shepperds Bush and they're quite central to London (in the West),None
63,Good luck and god bless LOCATION1 is in my opinion is alot nicer than LOCATION1,None
566,"Greater London is the suburbs Croyden , LOCATION1 and richmond are towns in Surrey which is part of Greater London",None
470,Guy 's Hospital I think LOCATION1 ( N7 ) is getting expensive for very solid reasons,None
41,Having said that though LOCATION1 is still a safe area there are always lots of Police around and I have never once felt unsafe in the area even alone at 1 o'clock in the morning,None
304,"Head for LOCATION1, there is a market there but there are also loads of clothes and shoe shops, everything from Ted Baker, LK Bennett and Reiss to Oasis and Monsoon",None
215,"Head to LOCATION2, follow the signs to the LOCATION1",None
54,Here LOCATION1 would be best as that is on the direct line to Rochester,None
85,"Here is a list of all the cycling clubs in the LOCATION1 District, they are spread over quite a wide area and if you are primarily interested in road racing, you will need to ask if they have road racing members, or only time-trialists",None
606,"Hi, Greater London is just the area's around London such as, LOCATION1, LOCATION2 and many others",None
596,"Hi, im from LOCATION1",None
336,Hope that helps  LOCATION1 is a nice place to live,None
613,However Isledon Road is more in LOCATION2 than LOCATION1,None
735,"However LOCATION2 and LOCATION1 are more affordable , plus you feel like you 're out of the London so they 're a bit more relaxed",None
271,"However, I don't like LOCATION1",None
98,"However, between April and September part of the LOCATION1 is transformed into a beach area",None
640,"However, the outer suburbs of SE London (LOCATION1 and LOCATION2) are quite pleasant  It will be absolutely fine",None
487,"However, you can also consider LOCATION1, where youd find various detached villas with large gardens",None
314,"I 've heard a lot of people saying that LOCATION1 is dangerous , is that true",None
222,I also know a couple of people who are moving to LOCATION1  and they rate it highly,None
642,I also know lots of people in areas like LOCATION2 and LOCATION1 who never once felt unsafe when they lived there,None
670,"I also like LOCATION2 and LOCATION1 , it 's very vibrant",None
55,I also remember LOCATION1,None
533,I always go shopping and to the cinema in LOCATION1,None
95,I always wanted to live around LOCATION1,None
341,"I am 22 and live in LOCATION1 which i would call Southeast London, and so do all of my mates",None
307,I am a cockney born in LOCATION1 in 1928.,None
700,"I am afraid no part of London in particular is not a safe place to live , especially for a 20 year old woman , but in comparison , South London , and LOCATION2 have higher crime rates and LOCATION1 has the highest rate of crime and it has been named `` The Murder Capital of Europe",None
590,"I am going to Royal LOCATION2 in LOCATION1, Surrey, whilst he is going to LCC which is more central",None
267,I can't really complain about LOCATION1 (bit boring no entertainment),None
340,"I can't understand the thumbs down for LOCATION1, that area is having lots of money thrown at it right now",None
524,I come from LOCATION1 and identify about 70% with Surrey and about 30% with south London,None
91,"I come from LOCATION1 which is a similarly impoverished London borough in fact, it has a worse reputation than LOCATION1",None
229,"I currently live in LOCATION1, and am planning on moving slightly closer into the centre of London",None
47,I didn't even know there was a north LOCATION1,None
490,"I didn't make much and paid 300 a month for a shared flat in LOCATION1, in LOCATION2 near Green Lanes",None
201,I don't know LOCATION1 well but I imagine it is the same,None
50,I don't know LOCATION2 but LOCATION1 is one of the nicest areas of London,None
544,I dunno about cafes but LOCATION1 will never lack a teenager,None
60,I dunno but theres alot of Mediterranean people in North LOCATION1,None
701,I guess I lived in LOCATION1 and it wasnt the best but the public transport in LOCATION2 is the best,None
441,I guess it's kinda similar to LOCATION1,None
479,I had to travel from LOCATION1 to West London every day,None
502,I have lived in LOCATION1 for 20+ years and never had a problem day or night,None
388,I have lived in LOCATION1 for the last 8 years,None
285,"I have lived in big cities before so will not be shocked by a lot of stuff , just wanted to get a feel for the okayish places LOCATION1 is good , its close enough to the London but far enough to be away from too much of the noise and action if you end up in a coucil estate they are n't actually too bad , it 's quiet family based , if you are able to have the attitude of i shut my front door i shut everyone and everything else out you 'll be fine",None
543,"I have plenty of friends from LA who live in LOCATION1 and love it, but everyone is different of course",None
326,I have read that LOCATION1 village is a nice area,None
602,"I have the chance to move to E16 1TX area, it is West LOCATION1",None
527,I heard from a distant school friend that LOCATION1 ( which is presumably near this address ) is 60 % or more Bangladeshi and that it 's not the safest area,None
403,I know I learned then  cheapest area is London borough of LOCATION1,None
520,I know a bit about LOCATION1 as I shopped there loads but as an area to live in not sure,None
303,I know a lot of people that live in LOCATION1 and find it easy to get into central London,None
650,I like LOCATION2 and LOCATION1 etc,None
405,I live 2 miles from LOCATION1,None
129,"I live LOCATION1, and I love it  Used to live in LOCATION1",None
21,I live in LOCATION1 and I have a wonderful street with great neighbours,None
744,I live in LOCATION1 and it's nice and it's cheapish but avoid the rest of LOCATION2,None
356,I live in LOCATION1 and it's not ALL 'grotty',None
62,"I live in LOCATION1 and my partner was born here, we want OUT",None
168,I live in LOCATION1 and to be honest there's no pubs or clubs round here,None
311,I live in LOCATION1 and used this website as I have a guest room,None
309,I live in LOCATION1 and work at London Bridge Railway Station   love it,None
623,I live in LOCATION1 area and it is really a great place,None
598,I live in LOCATION1 so am somewhat biased about London areas,None
338,I live in LOCATION1 which is at the end of the Jubilee Line,None
537,"I live in LOCATION1, and I really like it",None
167,"I live in LOCATION1, which would be characterised by having a lot of greenery (for Zone 2) and seems to attract lots of twenty-something professional types",Positive
242,"I live in London N19 area, near LOCATION1 Road and Crouch Hill",None
265,I live in a middle class outer London suburb called LOCATION1 in the south of the Greater London area,None
288,"I live in the South-West of London, in LOCATION1",None
132,I live near LOCATION1 and I have to say that it's a pretty nice area,None
6,I live near the LOCATION1; have never felt unsafe,None
580,"I live pretty close to LOCATION1 and it is a good area to live in - good transport, lots of cafes, close to all sorts of amenities",None
87,I live right near LOCATION1 and have never had any problems even at night,None
681,I lived in LOCATION1 and LOCATION2 and had no trouble at all,None
103,I lived in LOCATION1 for a couple of years  but found the people to be not too friendly and didn'r feel safe there,None
328,I lived in LOCATION1 for years,None
410,"I lived in LOCATION1, and I had two bikes stolen",None
739,I lived in London for 6 months and I would reccommend living in LOCATION2 or LOCATION1,None
449,I lived in SE London (LOCATION1) for 11 years and most of the people there are white,None
564,I love LOCATION1,None
412,I meant to say as well I was offered LOCATION1 but was told that this place is really violent,None
488,I prefer LOCATION1,None
565,"I really do not believe that LOCATION1 , although working class , has a higher crime rate than any other East End areas",None
704,"I really like the fact that LOCATION2 is a beautiful place, especially LOCATION1",None
268,I reckon LOCATION1 offers some really great value accommodation and actually I havnt heard anything negative about it,None
424,I recommend LOCATION1,None
313,"I rent a nice one bedroom flat in SE London near LOCATION1 for 700 per month, downside is that it's not near the tube",None
599,I say LOCATION1,None
152,"I say LOCATION1 as their is a large community of expats from Australia , New Zealand and South Africa there making for an interesting and varied range of people along with the local English people",None
77,I spent several pleasant days in LOCATION1 while doing research last summer at the British Library,None
0,I stayed in LOCATION1  and loved the area,None
713,I suggest looking for areas a bit further out in LOCATION2 or LOCATION1,None
690,"I suggest the LOCATION1 area, especially around LOCATION2",None
398,I think LOCATION1 ( N7 ) is getting expensive for very solid reasons,None
535,I think you should not hesitate about all this stuff and go ahead with it I worked extensively around London and I would agree that LOCATION1 would not be my first choice to live,None
9,I used to live in LOCATION1 (Nth London and before it changed its name) - it's now a slum,None
463,"I used to live in LOCATION1,  which is near LOCATION2 and it wasn't too bad really",None
7,I used to live in an apartment in LOCATION1,None
202,"I used to live there, as a female sharing a rented flat  Um  LOCATION2 is not in West London, it is in LOCATION1",None
572,"I used to work in LOCATION1 and it was OK  it's fairly diverse as there are a lot of students in the area attending Queen Mary's, and the locals are either asian (mostly bangladeshi I think) or proper cockneys :0)",None
608,I was going to LOCATION1 when I was 14. My sister used to go when she was 14 and up and often went with her friends,None
180,"I was looking at LOCATION1, since they have a lot of cheap places there",None
26,"I wasn't very impressed with LOCATION1, the main street looked dirty",None
446,I will be sharing with another person who needs to be able to take the tube to Liverpool street or LOCATION1,None
251,I will be working in LOCATION2 for the first 6 mths then LOCATION1 there after,None
24,I would go for LOCATION1 the posh end  I used to live in North LOCATION2 which is on the outskirts of London very near Essex,None
429,I would imagine the LOCATION1 apartments are brand new and built around the same time as all the olympic building was going on,None
676,"I would recommend you carefully consider LOCATION2 and LOCATION1 when you make your choice, as these are known to be peaceful and well maintained boroughs",None
59,"I would say LOCATION1, probably not the nicest area in terms of beauty but it is relatively easy to get about from there, not too far away from central London",None
523,I would say that you'd be safer on the opposite side of  LOCATION2 - an area like LOCATION1,None
747,I would stay away from LOCATION2 or LOCATION1 just because I have heard of people being bothered quite a bit there,None
253,I would suggest going to LOCATION1 on Sunday for breakfast/lunch around 12ish,None
86,I wouldn't advise you walking alone late at night in the LOCATION1 area   there's quite a lot of prostitutes in that area in the evening and you don't want to get accosted,None
241,I wouldn't even visit never mind live in LOCATION1 personally speaking,None
160,I wouldn't live in the centre of LOCATION1 itself as it is really busy and noisy,None
576,"I'd go to LOCATION1 - its an up and coming area, has some great bars / restaurants, and excellent food markets",None
369,I'd guess it was pretty much the same deal as LOCATION1,None
585,I'd prefer somewhere like LOCATION1,None
96,I'll give you an idea of the areas in SE London around LOCATION1,None
589,I'll go with LOCATION1,None
515,"I'm researching my family history and my 3xgreat grandfather was born in 'LOCATION1 Court Rd"" in London",None
612,I've been offered a job in LOCATION1 and will be relocating from the US,None
53,I've been too all of those places and my favorite is LOCATION1 it's really lovely,None
447,I've lived in LOCATION1 all my life and haven't been stabbed once,None
217,I've lived in LOCATION1 for 34 years and never had any problem,None
574,I've lived in LOCATION1 my whole life and frankly I hate it,None
8,IO have a friend in LOCATION1 but she says it's a pain in the ar travelling to central every day for work,None
223,Id live in LOCATION1  and has transport links via national rail,None
316,"Id suggest LOCATION1 is an area on the up , the main high street seem to be thriving these days so you might find good value",None
666,"Ideally in LOCATION2 / LOCATION1, although rest of London is cool",None
641,If London is a must then avoid the area around LOCATION1 and LOCATION2 in the South-East,None
248,"If London, a good place is LOCATION1",None
484,If it's a fine day without mist or rain take him to LOCATION1,None
677,If money isn't an object them you could try LOCATION1 or LOCATION2 as they're Thameside and both have direct tube links to SK,None
373,If money was no object - LOCATION1 in LOCATION2,None
254,"If not, how much would it cost to get from the LOCATION2 DLR area to London LOCATION1 by taxi",None
474,"If you are catholic please stay in Canada we don't want you I wouldn't say south-west because it is north of the River so just west  Also interestingly, LOCATION1 FC are not actually situated in LOCATION1",None
246,If you are in LOCATION1 head to 'La Pietra' one of the better Italian restaurants in the area,None
658,"If you are really scared of crime statistics, choose LOCATION1 or even LOCATION2",None
717,If you have a reasonable budget go for LOCATION2 or LOCATION1,None
741,"If you lived in LOCATION1 or LOCATION2, expect to get your head kicked in a fair few times",None
331,If you visited the really working class areas in the east end and LOCATION1 maybe you would have got a different picture,None
84,If you walk over LOCATION1 Bridge you are at LOCATION2,None
699,If you want a decent place to bring up kids or have a decent standart of living try LOCATION1 or LOCATION2,None
128,"If you want an area which is entirely newly built, you will have to go somewhere like LOCATION2 in the LOCATION1 area of London",None
126,"If you want space , LOCATION2 is your best bet I 'm from LOCATION1 and have also lived in South London a bit",None
702,If you want to live in Essex stick to areas like LOCATION2 or LOCATION1,None
279,If you want to see the London NYE fireworks live; you can only do this from a small tight area along the LOCATION1 Embankment,None
411,If you work East in the London then Shad Thames area beside Tower Bridge or the new apartment complexes in LOCATION1,None
561,If you're into shopping head to LOCATION1,None
720,"If your a quiet person who enjoys their space and likes to reflect on the world then a quiet suburban area near London like LOCATION1, or LOCATION2",None
394,"If your budget is restricted then I would say LOCATION2 (LOCATION1, Aldgate, Aldgate East, Tower of Hamlets) there are a flats that are a reasonable price",None
273,"If your looking for somewhere in particular though LOCATION1 is a good place , and like all places it has a range of expensive and not so expensive areas : )",None
489,"If your looking to be within the Greater London area, maybe try looking at LOCATION1, which is  just slightly less expensive",None
173,"In LOCATION1, there's the Geffrye Museum which has regular children's special days, and the Museum of Childhood which is all about children",None
358,In general LOCATION1 is a good place to go as there are so many different shops and stalls to go to and it's mostly affordable,None
721,In my opinion LOCATION2 isn't too far out but LOCATION1 can be quite a treck,None
710,In other words the best place to live in London is LOCATION1 and LOCATION2 all the other places are dumps,None
631,"In the summer of 1965, Ronnie Scott's moved to its present home at 47 Frith Street in London's LOCATION1",None
191,Is it ok to live near LOCATION1,None
263,"It has a lot of investment and public and media attention coming in because several of its boroughs will be the hosts for the 2012 olympics, in terms of people, you have middle class types in LOCATION1, every race in LOCATION2 as a total, and it is a mix of inner London and suburbia",None
600,"It has good nightlife, live theatre and is close to the very beautiful Surrey Hills Very green and leafy: richmond, LOCATION2, LOCATION1, Walton On The Hill-on-thames",None
432,It is really easy to travel via subway in London especially being located near LOCATION1,None
448,It's close to LOCATION1 park which is a major sports  site and the park itself is great with a number of attractions including the famous victorian dinosaurs,Positive
18,It's cool working in LOCATION1 as I like being on the victoria line,None
27,"It's kent, and so is LOCATION1",None
361,"Its part of LOCATION2  you never hear ""I live in LOCATION1"" in conversation - it'd sound weird",None
518,Its right between LOCATION2 village and LOCATION1,None
531,Just a couple of ideas  LOCATION1 is much better than it used to be and is very central,None
567,"Just think of Little Somalia and its there, right in LOCATION1",None
357,Katy Ortega http;// LOCATION1,None
32,Kingsroad in LOCATION1,None
469,LOCATION1  It's pricey but at night it's beautiful,None
104,LOCATION1  has improved in recent years with the opening of the international rail terminal at St Pancras,None
211,LOCATION1  have a big Bangladeshi population,None
383,LOCATION1  is fine and I never had any trouble,None
166,LOCATION1  they actually have deer running about in the park,Positive
275,"LOCATION1 , on the other hand , is dodgy",None
188,"LOCATION1 , south London is also home to a sizeable Brazilian community that lives alongside the UK 's single largest Portuguese community in ` Little Portugal '",None
618,"LOCATION1 - Central, fairly affordable",None
22,"LOCATION1 - Exciting neighbourhood, full of culture",None
162,"LOCATION1 - Good shopping area, loads of offices, very modern, skyscrapers etc  Very different from the rest of London",None
617,LOCATION1 - It is a real inner-London area with all the advantages and problems of that,None
299,LOCATION1 - This is a major outer London centre,None
342,"LOCATION1 - is exactly like LOCATION2 and is only 5 mins down the road , how much dough can you afford to spend and i will tell you the nicest place to live",None
230,LOCATION1 - right at the end of the Northern Line,None
587,LOCATION1 Bells,None
435,"LOCATION1 Est  again not somewhere I'd chose to live, but again, mainly council housing so its unlikely it would come up",None
134,"LOCATION1 I think is a bit of a dead area , not much there and transport is awkward",None
196,LOCATION1 I think is generally safer,None
516,LOCATION1 LOCATION1 Village is very upmarket and many artists live there,None
177,LOCATION1 LOCATION2 Park Lane richmond St  James Park,None
204,"LOCATION1 London Farm has a wide range of livestock, poultry, and horses, and offers pony rides on Saturday and Sunday, 1.30pm-2.30pm (for 1)",Positive
645,"LOCATION1 N1 , N7 and N5 is also nice and LOCATION2 NW1 is also nice , both a bit more upscale than Stokey",None
301,"LOCATION1 North, SE1",None
430,LOCATION1 Road and the streets around it are where you are more likely to find students,None
90,"LOCATION1 Road, British Rail",None
452,LOCATION1 SW12 is ideal for a young 20-30 ish couple,None
181,LOCATION1 Village  is not Central London,None
626,LOCATION1 [LOCATION2,None
151,LOCATION1 a large park in central London; there is no admission charge,Positive
10,"LOCATION1 aint cheap you muppet, that's prime location",None
643,LOCATION1 and LOCATION2 are handiest for transport though,None
707,"LOCATION1 and LOCATION2 are my top picks for location , being a `` good '' area full of parks and other nice things , however they 're quite posh and",Positive
724,LOCATION1 and LOCATION2 are the most dangerous,None
652,LOCATION1 and LOCATION2 are the most dangerous areas in London,None
718,LOCATION1 and LOCATION2 no go areas,None
406,LOCATION1 and The Royal Observatory,None
354,"LOCATION1 and surrounding areas have plenty of restaurants , bars as well as its quiet side",None
425,LOCATION1 another example,None
155,LOCATION1 at its widest point is 9.6 miles by 5.4 miles in length,None
409,LOCATION1 but its not cheap,None
415,LOCATION1 certainly isn't known for high crime levels  No at all,None
94,LOCATION1 for Indian food,None
154,LOCATION1 from what I see is quite posh,None
133,LOCATION1 has a cinema and a lot of different places to eat,None
601,LOCATION1 has a really cool market which attracts goths,None
496,"LOCATION1 has a reputation as an affluent and fashionable area, known for attractive terraces of large Victorian townhouses, and high-class shopping and restaurants",None
45,LOCATION1 has a vibrant Indian community Maximum indians are living there,None
64,"LOCATION1 has an amazing nightlife , it 's a really beautiful and vibrant part of the London and there 's always loads going on",None
1,LOCATION1 has some trendy bars and a few restaurant mainly limited to hoxton Square,None
124,LOCATION1 has the craziest places,None
29,"LOCATION1 has the nicest areas , pricey though",None
450,"LOCATION1 has very good buses , is in walking distance of LOCATION1 or Elephant tube and has trains from Denmark Hill station",None
125,LOCATION1 i kno it is just outside London but is nice,None
504,LOCATION1 if you can afford is great,None
225,"LOCATION1 in LOCATION2 is a nice area , and pretty cheap",None
235,LOCATION1 in London is almost three times as large as New York London 's LOCATION2,None
308,LOCATION1 in SW London is a nice part of London,None
157,"LOCATION1 in the North, not too far from LOCATION2, has good schools and is a really nice pocket of London",None
597,LOCATION1 is Great too,None
494,LOCATION1 is OK but where are you coming from,None
296,LOCATION1 is a 30 minute train ride from LOCATION1 Station in central London,None
743,LOCATION1 is a better area after LOCATION2,None
740,"LOCATION1 is a bit of a dump, LOCATION2 is slightly nicer",None
213,LOCATION1 is a brilliant place to live,None
256,LOCATION1 is a clean area with park and shops along the whole chiswick High Road,Positive
377,LOCATION1 is a commuter town for people working in London,None
218,LOCATION1 is a decent area and easy to get to work on the train,None
244,LOCATION1 is a good area for a newcomer,None
282,LOCATION1 is a good area of London to live in,None
505,LOCATION1 is a good place,None
38,LOCATION1 is a good place to start out in London,None
568,"LOCATION1 is a great area with heaps of pubs , restaurants and young people everywhere",None
113,LOCATION1 is a great place to live,None
628,LOCATION1 is a high class quiet residential area BUT there are also two penal establishments in the area,None
70,LOCATION1 is a lovely part of London and I 'd definitely want to live there given an opportunity,None
451,"LOCATION1 is a major transport centre for trains , buses and Tube lines",None
158,LOCATION1 is a museum to some of the best curry London has to offer,None
319,LOCATION1 is a nice place,None
250,"LOCATION1 is a nice place to live near Roundwood Park , it is located in North West of London",Positive
467,"LOCATION1 is a very nice area with restaurants and bars, and only about 15 minutes on the tube (Jubilee Line) from the centre of town",None
51,LOCATION1 is a very popular place for Australians and South Africans so you 'd probably find a lively community you 'd fit in with there,None
14,LOCATION1 is about the safest area in London,None
497,LOCATION1 is actually more normally known as LOCATION1,None
83,LOCATION1 is also a good area to live,None
477,LOCATION1 is also a good choice and has much more going on than the other two places,None
620,LOCATION1 is also a good location,None
571,"LOCATION1 is also a great place , but incredibly pricey Depends what your budget is like",None
622,LOCATION1 is also not bad,None
310,LOCATION1 is also quite hip but is still a bit edgy,None
705,"LOCATION1 is also very popular, as is LOCATION2",None
65,LOCATION1 is amazing,None
19,LOCATION1 is an amazing place to live,None
136,"LOCATION1 is an area with lots of places to eat , has a market through the week",None
243,LOCATION1 is beautiful and has so much for kids there,None
715,LOCATION1 is best  LOCATION2 are extremely unpleasant,None
542,"LOCATION1 is better , you can see live music in a pub and it does have a better atmosphere ( albeit seriously pretencions ) but it is off the beaten track a bit",None
185,LOCATION1 is cheaper to live in than LOCATION2 by the way,None
607,LOCATION1 is cheapest place to stay near to London with rates upto 600pounds for descent space,None
179,LOCATION1 is close to three commons,None
605,"LOCATION1 is excellent for transport ( trains , buses , and another tube station , this one with more lines )",None
67,LOCATION1 is fine but it can be very noisy depending where you live and the trains and buses are always crowded during morning and evening commutes,None
109,"LOCATION1 is full of artists , designers , entrepreneurs and IT people",None
438,LOCATION1 is full of everything including markets and street entertainers and musicians - it  is really entertaining and good fun,None
182,LOCATION1 is generally cheaper than LOCATION1 because of the lack of tube stations so you might want to start there,None
12,LOCATION1 is good,None
212,LOCATION1 is good if you like to have good transport but still feel like a little town on its own,None
476,"LOCATION1 is great , as it 's very posh",None
374,LOCATION1 is great Tube/overground/THE COMMONS London is a very strange place to live as alot of the rougher areas close to town are expensive and the nice parts are cheaper because there out of town,None
16,"LOCATION1 is great and best for transport, having tube and overground",None
733,LOCATION1 is great; not so much the other parts of LOCATION2,None
609,LOCATION1 is like a country village,None
630,LOCATION1 is located in the London borough of LOCATION1 and is in the Greater London area,None
370,LOCATION1 is lovely and not at all like LOCATION1,None
28,LOCATION1 is more residential ; mostly streets of houses and it will take longer to get in to the London,None
207,LOCATION1 is much better,None
2,"LOCATION1 is much more lively, good shops, more multicultural but borders on some rough areas",None
556,"LOCATION1 is n't safe , I used to live there and it is a disgusting , rough area",None
594,LOCATION1 is n't very friendly either,None
145,LOCATION1 is near LOCATION1 but it is quite a posh place,None
178,LOCATION1 is nice,None
107,LOCATION1 is nice  I live around the LOCATION1/richmond area,None
414,"LOCATION1 is nice , plenty of green spaces and several train stations I will be relocating to London for work in one month",Positive
434,"LOCATION1 is nice , the green belt is just 5 minutes away , its all fields there",Positive
575,"LOCATION1 is nice, but NOT cheap, and for my taste, too far out",None
35,"LOCATION1 is not the best place to be, esp for u young girls at night to be honest, and not much in the way of shopping either",None
221,LOCATION1 is often overlooked,None
93,LOCATION1 is ok,None
72,LOCATION1 is ok to live,None
88,"LOCATION1 is okay , houses are n't too expensive there London is not a safe London",None
247,LOCATION1 is on the Metropolitan Line of the Underground ; the trains are frequent and take 35 minutes to LOCATION1,None
378,LOCATION1 is on the Piccadilly line and you can commute to there in 30 minutes from virtually the most northerly point on the line about 10 miles out on the outskirts of London,None
619,"LOCATION1 is one of if not the most expensive areas in London, so if you're looking for reasonably pricing I'd avoid it",None
269,LOCATION1 is one of the best boroughs in London   there are 2 tube lines and numerous overhead train stations around,None
165,"LOCATION1 is one of the best places to live in South, Greater London",None
352,LOCATION1 is one of the nicest London Boroughs,None
11,"LOCATION1 is part of London , it 's not a town , merely an area of London",None
183,"LOCATION1 is pretty expensive , as are swathes of the rest of the borough",None
278,LOCATION1 is probably better although you may get noise from the Airport,None
66,LOCATION1 is probably safer than other areas,None
385,"LOCATION1 is quite a long way out of London , but its very green",Positive
30,LOCATION1 is quite a low rent area,None
82,"LOCATION1 is quite a nice area , it has a few universities in/around it and is also well know for being a place where young families live",None
257,LOCATION1 is really close to central London ( easy walk ) but very expensive rent,None
625,"LOCATION1 is really nice , lovely park and market",Positive
522,"LOCATION1 is right on the THames , we have a inner London farm , and several marines",Positive
306,"LOCATION1 is safe , in general ,  there is a high pick pocket rate , but keep your wits about you and do n't carry things in exposed pockets",None
478,"LOCATION1 is slightly more up market, it's an extremely vibrant area of London, and mainly consists of young and middle aged professionals",None
562,"LOCATION1 is slightly more upmarket , with good train/tube connections to London There 's nothing wrong with any of those areas but there is probably some truth in what you 've heard",None
475,LOCATION1 is something else,None
48,LOCATION1 is the address of choice for those with enough money to be able to choose anywhere they like,None
329,LOCATION1 is the best area,None
189,LOCATION1 is the best place to live in London,None
555,"LOCATION1 is the middle class end of LOCATION2 , the bit around the junction is working class",None
344,"LOCATION1 is the nicest suburb, but a little farther out",None
654,LOCATION1 is the worst part of London  LOCATION2 is safer,None
172,LOCATION1 is up and coming and then you have LOCATION1 right next to you,None
536,LOCATION1 is up and coming for young families,None
528,LOCATION1 is very attractive and is a short frequent suburban rail commute into central London,None
294,LOCATION1 is very cosmopolitan and good for DJ bars and Live Music Venues,None
216,LOCATION1 is very downmarket,None
74,LOCATION1 is very expensive to live and renting a flat there would cost you approx,None
111,LOCATION1 is very far from Central London and no buses except from nights go to Central London straight,None
227,LOCATION1 is very middle class with people with lots of money,None
512,"LOCATION1 is very nice, it is full of green space and one of the most picturesque parks in London",Positive
39,LOCATION1 is well connected on the Jubilee (zone 2) line being one of the newest lines and takes you to LOCATION2 or Bond Street in no time at all,None
393,LOCATION1 is well connected with three tube stations and is generally a plesant place to live,None
473,LOCATION1 is well worth a visit too - just hop on the DLR and it takes you straight there,None
363,LOCATION1 isn't to bad either,None
297,"LOCATION1 itself is a lovely area to live , my nans lived there for 30 years and I spend much of my child their",None
120,"LOCATION1 may be an excellent option , there 're relatively inexpensive areas there , and you can travel to richmond by bike $ 450 a week roughly equates to 1000 over here ( there 's not much point in you asking us in dollars seeing as that is n't the currency we use over here )",None
420,"LOCATION1 may be furhter out, but there is still loads to access, the river isn't far (down at LOCATION2)",None
80,LOCATION1 might sometimes have a bad reputation but actually much of it is quite nice depends very much which part of LOCATION1 you 're talking about,None
43,LOCATION1 near LOCATION1 would be ideal because there are direct trains to Gatwick from there,None
239,LOCATION1 offers many authentic indian restaurants such as dosa n chutney and chennai dosa,None
40,LOCATION1 or LOCATION2,None
729,"LOCATION1 or LOCATION2 , both have lots of restaurants and pubs",None
691,"LOCATION1 or LOCATION2 are no where near Central Ondon, and you'll spend all your time on trains",None
708,LOCATION1 or LOCATION2 if you can afford either of these areas,None
387,LOCATION1 prices (one answer recommended Ken,None
236,LOCATION1 runs on the victoria line,None
159,LOCATION1 seems to be full of teenagers these days and it can get quite touristy and dirty,None
519,LOCATION1 used to be utterly dreadful,None
418,LOCATION1 was a concrete jungle,None
417,LOCATION1 was probaly the first Irish community in London,None
525,LOCATION1 which is not far from LOCATION1 would be a better community to live in,None
468,LOCATION1 would be a good choice,None
428,LOCATION1 would be good,None
287,"LOCATION1's bloody horrible,  AND, I daresay, probably, bleedin' expensive an' all",None
391,LOCATION1's still quite central and has good bus and tube connections (and it's easy to get to LOCATION2 from there),None
698,"LOCATION1, LOCATION2  and surrounding areas are good",None
697,"LOCATION1, LOCATION2 its kind of scary people get mugged very often",None
668,"LOCATION1, London's most beautiful open space   LOCATION2, is mainly a Jewish area,",Positive
298,"LOCATION1, Middx - just slightly North, and a lovely place",None
616,"LOCATION1, a quieter area, although it will have local shops, restaurants etc  Not far from LOCATION2 and the River",Positive
444,"LOCATION1, beyond any doubt",None
532,"LOCATION1, if you don`t mind George Gallaway",None
375,"LOCATION1, it is a great place to go out for the day to shop or see a film, and has great nightlife as well",None
266,"LOCATION1, posh and down to earth at the same time",None
245,"LOCATION1, where I live, is quite at the hub nowadays",None
472,"LOCATION1, which has a lovely almost country village feel, and has a really cool bar called Zerodegrees which brews its own beer on site",None
719,LOCATION1/LOCATION2 road is a good area,None
210,"LOCATION1: Right, so yeah, it has its crime",None
634,"LOCATION2 (Location - South East) - Expensive apartment LOCATION1 (Location- Central ) - For the rich and famous, expensive and central",None
695,LOCATION2 / LOCATION1  are good places if you need to be more central - again similar price tag,None
350,LOCATION2 and LOCATION1,None
660,LOCATION2 and LOCATION1 are considered the 'nice' area's of London to live,None
689,LOCATION2 and LOCATION1 are easily accessible from many areas,None
703,"LOCATION2 and LOCATION1 are more areas to look if you want to settle down with a family , due to good schools , more green space , and being safer because they are further out ( Zones 4 , 5 and 6 ) , all these things are useless to a single 18 yo",Positive
687,LOCATION2 and LOCATION1 are nice places,None
635,LOCATION2 and LOCATION1 areas are good alternatives as well,None
742,"LOCATION2 and the LOCATION1 are cool, and I am going to stick my neck out here and say that the rest of London is basically boring",None
644,LOCATION2 is OK but LOCATION1 is also a much better place to shop which a large shopping centre called the Bentall centre,None
46,LOCATION2 is a 30 minute train ride from LOCATION1 Station in central London,None
723,LOCATION2 is a good area as well as LOCATION1 but this area has some crime,None
629,LOCATION2 is definitely improving because like LOCATION1 it is right along The Thames so it can make good use of the river,None
727,LOCATION2 is excellent for restaurants by LOCATION1 I think is tad cheaper,None
673,"LOCATION2 is not a nice area , as is most of LOCATION1",None
636,LOCATION2 is not too bad LOCATION1  is very upmarket and many artists live there,None
685,LOCATION2 is reasonably safe and LOCATION1 is ok,None
692,LOCATION2 is worse and LOCATION1 is even worse than that,None
312,LOCATION2 or LOCATION1,None
731,LOCATION2 or LOCATION1 are the best places,None
372,LOCATION2 town centre is larger and more important than LOCATION1's,None
728,"LOCATION2, LOCATION1 are bad news too",None
716,Let's face it I can't afford LOCATION1 or LOCATION2 ha,None
366,Like LOCATION1 and nearby,None
511,"Like most other parts of London , LOCATION1 is an area of contrasts",None
5,"Live in LOCATION1  LOCATION1  Mostly young people, nice area can be expensive though",None
108,"London is expensive, LOCATION1 especially so",None
199,Look for a place to live in LOCATION1 aswell,None
392,Look on Hostel sites  I like LOCATION1,None
76,Lordship Lane in LOCATION1,None
396,Make ure you take a visit to LOCATION1,None
480,"Many of the key tourist attractions, the residence of the Queen (Head of State) are all in a district-level municipality called the LOCATION1",None
205,"Many parts of LOCATION1, particularly in the north, have been well known as hotspots for drug dealing",None
71,"Many, but not all, of the shops around LOCATION1 are open until 9:00pm on Thursdays and Fridays, but further down Oxford Street only until 7:00 or 8:00pm",None
404,"Me aunt and uncle used to pick me up from outside LOCATION1 Tube station, when I used to go and stay with 'em as a teenager",None
174,Most are very expensive to rent or buy even the grotty little flats and bedsits in LOCATION1,None
149,Most of London is still pretty expensive my sister lives in LOCATION1 and it is cheaper,None
259,"Museum of Garden History, LOCATION1 Palace Road",None
559,My birth town is South LOCATION1 and some big names that I know of from around there,None
486,"My first time went to: Big Ben, Big Eye,LOCATION1, Madame Tussaud, LOCATION2's Believe it or Not, Science Museum and History Museum too",None
603,My friend lives somewhere in LOCATION1  i've never been to his house,None
397,"My friend was saying LOCATION1 is good , but the commute to Central London is very painful",None
61,"My hometown is LOCATION1, in SW London literally a walk into LOCATION1",None
110,My mother rents out her largest room for 90 a week and this in the heart of LOCATION1 Old Town,None
364,My partner was born in LOCATION1,None
577,"NW of LOCATION1 is LOCATION1, and that's pretty nice",None
656,Near pretty rough neighbourhoods like LOCATION1 and LOCATION2,None
578,Near to LOCATION1 are nicer areas within the London boroughs of Bexley and bromley,None
627,"Nearby is LOCATION1 which has Hampstead Heath, a HUGE park and tons of playgrounds for kids",Positive
675,Nearer to London is LOCATION2 or LOCATION1,None
305,New LOCATION1,None
384,North of the river Thames from the river Lea in the east to the river Colne in the west was the county of LOCATION1,None
198,Northwest London is a credible area of London in its own right and not just a subsect of LOCATION1,None
73,"Not LOCATION1, NW10 to be exact",None
491,Not much in way of night life but very close to LOCATION2 and LOCATION1,None
492,Not to far from LOCATION2 is LOCATION1,None
541,"Now I am not saying that this is true in every case (for example, my mum actually says that LOCATION1 is in London, whereas my mate's cousin who is 25 says that it is definitely Kent)",None
118,"Now live in Hertfordshire, although some family still live in LOCATION1",None
146,"OR we could stay at my sisters flat, which is in a place called Battlebridge Court in LOCATION1",None
150,"Of the 3 areas you mentioned, LOCATION1 is the safest",None
231,Old LOCATION1 around the outlet to the tunnel is pretty grotty,None
122,"On the other hand i personally live in LOCATION1 , very nice area, and i personally feel that it's allot better than LOCATION2",None
454,One nice thing is that the Tube goes to LOCATION1 so you can easily get in to central London  I was born near LOCATION1,None
402,One of the main areas where Irish people used to live is LOCATION1,None
184,One of them will be attending the London Hotel School (W14 0AE) in LOCATION1,None
142,One place I could easily identify is LOCATION1 which is on Jubilee line,None
141,"Or Living in LOCATION1, crime is not high and the location is very 'cushy'",None
255,Or try LOCATION1 where you can get more for your money,None
206,"Or, how about LOCATION1, which is in Kent but also part of London",None
632,Out of the two I'd prefer LOCATION1 to LOCATION1,None
318,"Out of these i would say, LOCATION1 (upper)",None
339,Outside of office hours it 's nearly deserted LOCATION1 is quite the senic area,Positive
228,"Parts of LOCATION1 are cheaper and nice for the money, but on the wrong side of the river",None
286,"Penthouse, top floor overlooking LOCATION2) 3) LOCATION1 (Selection of stylish 1 bedroom apartments located in stunning and original warehouse conversion (WAR1) It is a fantastic flat with exposed brick walls",None
745,"People are saying LOCATION2 and LOCATION1 etc, but we warned that aint all good",None
102,"People in LOCATION1, wembley or richmond would be a lot more likely to say they live in London",None
262,Perhaps start with North or LOCATION1,None
100,"Personally , I do n't think LOCATION1 is that bad",None
401,"Personally I prefer LOCATION1 - greener, better restaurants and shopping;  better public transport too",Positive
667,Personally I think all of LOCATION1 is too crowded to I chose to live in LOCATION2 (SE London),None
44,"Personally, I live right on the edge of London in LOCATION1, Essex",None
639,"Personally, I would go for LOCATION2 or LOCATION1",None
293,"Personally, having lived there, I would say LOCATION1 was a little more 'upmarket' but watch out for the planes - a lot of houses in LOCATION1 are on the landing flightpath into heathrow which can be very irritating at around 4.30/5.00 in the morning, especially in summer",None
320,Places near LOCATION1 NOT to live,None
569,Property prices in LOCATION1 are not cheap,None
295,RE: where does the origin of the south London name 'LOCATION1' come from,None
148,"Seriously think LOCATION1 still has that Mary Poppins type architecture to it , not a crazy observation great place to spend one 's childhood",None
371,Shame on her  LOCATION1 is an old classic,None
3,"Since basically the 1920s and 30s even places like LOCATION2 and LOCATION1 right on the edge of London have had the Tube, so that may help residents of those places to feel more attached to London",None
456,"Some areas on the Piccadilly line around Arnos Grove, LOCATION1, LOCATION2 etc are very nice and are worth a look",None
485,Some people have suggested LOCATION2 and LOCATION1,None
170,Some where between the airport and LOCATION1,None
746,"Somebody else on here was mentioning the boroughs of LOCATION1 and LOCATION2 as being cheap, affordable and safe, and I agree with that",None
657,South is popular LOCATION1 down to LOCATION2 - good transport links with Brighton and the south coast at the other end,None
400,"St  Paul's, LOCATION1, The Temple, London LOCATION2 Palace, Harrods, the Science Museum, the Natural History Museum Tower of London, Tower Bridge The locations above are covered in our Guide to London's Tower Hill",None
683,Stay away from LOCATION1  it's where everyone gets stabbed  WHATEVER YOU DO DON'T GO TO LOCATION2 AT NIGHT,None
552,Stay away from LOCATION1 and the housing estates which are the poorer run-down areas,None
137,Suburban areas differ   I live in LOCATION1 and late night shopping is Thursdays   but only until 8:00pm,None
368,TW14 9HQ Tel: 07966546829 Al Harem Address: (LOCATION1) Leicester,None
426,"Take a rivercruise to LOCATION1, nice market, bars, and GMT",None
560,Take the Tavistock Square bus and go to LOCATION1 - plenty cheap there,None
283,"Tel: 0207 403 3761. Tower of London information | LOCATION2 information | Hotels near Tower Bridge 3. Buckingham Palace - Popularly known as ""Buck House"", has served as the Monarch`s permanent London residence since the accession of Queen LOCATION1",None
663,"Thanks in advance for any advice  LOCATION2 and LOCATION1 are both very safe, leafy London boroughs with a wide range of good restaurants, bars and clubs as well as excellent transport links to the centre (we don't say 'downtown' here)",Positive
517,The Chiltern Railways line Birmingham to LOCATION1 stops at wembley Stadium,None
121,The LOCATION1 (which is most of the rest of London) is where lots of Londoners live but there are tons of other areas as well,None
161,The LOCATION1 area is a bit rough,None
421,"The LOCATION1 is in the Lower Lea Valley area, and also LOCATION2 which is the major area for the Olympic Games",None
208,The London Aquarium on the LOCATION1 ( near the London Eye ) is very pushchair friendly and they have lifts to every level,None
440,"The above answerer is right, the other side of LOCATION1 is much worse, but LOCATION1 Park is not amazing",None
17,The above will give you a resident's view of LOCATION1 Kent  Be advised - LOCATION1 is in London: the London borough of Bexley to be precise,None
192,"The amount of times my mate has told me that story in the black Lion, LOCATION1 Rd",None
171,"The area around LOCATION1 is OK sort of bohemian, middle-class area with some nice houses and interesting stores and restaurants",None
386,"The area around LOCATION1 is very nice with pubs, cafes and shops nearby Victoria Park Road is said to be the longest one way thoroughfare in London",None
503,The area around LOCATION1 is worth a look now ( it used to be hell on earth until very recently),None
224,"The area is busy all day and at night because of its proximity to LOCATION1, LOCATION2, and Charlotte St (with all its restaurants and bars)",None
187,The best clubs in London are definitely in LOCATION1 (don't be put off by the fact Amy Winehouse lives there),None
693,The best place for gay/lesbian bars are either around Oxford Street in LOCATION1 or down in LOCATION2 in South London,None
726,The best place you can live is LOCATION2 and LOCATION1 in Surrey,None
653,"The best places would be LOCATION2, LOCATION1",None
584,"The borough of LOCATION1 includes both the place where Tony Blair's family lives, and LOCATION1 (possibly the worst place in the world EVER)",None
276,The campus is in LOCATION1 Road,None
732,The dangerous places i know are: LOCATION1 LOCATION2 Full of knife crime,None
13,"The houses are mostly very nice there, and you are also very close to LOCATION1 (10 mins) and from LOCATION2 (30 mins)  I wouldn't want to live on the main road itself there, but most of the roads off it seem fairly nice",None
334,"The location is great though, because you can get to virtually anywhere in London from LOCATION1 or by bus",None
52,The main LOCATION1 Road is safeish because it is busy,None
595,The main one to avoid is LOCATION1,None
725,The majority of wealthy families lived around LOCATION2 and In general the LOCATION1 was where the poorer lived,None
665,The more expensive places are LOCATION2 and LOCATION1,None
563,The nicer streets in LOCATION1 (SE5) aren't that expensive especially the bit near LOCATION1 station,None
395,"The official centre of London is a statue of King Charles I in an area called LOCATION1, which is in LOCATION2",None
209,The only credible one would be LOCATION1  That's the largest woodland in the London area,Positive
457,The only negative thing about living in LOCATION1 that I can think of is that it is very expensive,None
131,"The other London is LOCATION1,Home to the Queen and Parliament",None
284,"The reputation as London 's red light district is old-fashioned and no longer deserved , and LOCATION1 is very cosmopolitian and trendy with a high gay population",None
638,The safest boroughs across all crime categories are LOCATION2 and LOCATION1,None
694,The towns of LOCATION2 and LOCATION1 are also both lovely towns,None
75,The tube station is on the Northern line just one stop from LOCATION1,None
422,"The underground and busy market places such as LOCATION1, can have its share of pick-pockets and muggers just like anywhere else has",None
550,The very centre of London (places like LOCATION1) are very well off and there are lower levels of crime,None
49,Then LOCATION1 Road to the A40(M) flyover,None
81,"There are 27,000 Portuguese people living in LOCATION1",None
337,There are VERY nice parts in LOCATION1 too,None
163,"There are free spectacles throughout the year, but one of the most warmly enjoyed is Guy Fawkes' Night (November 5), when parks throughout the country hold spectacular fireworks displays: LOCATION2 and Ravenscourt Park are two of the best  On New Year's Eve thousands of revelers descend on Trafalgar Square and the LOCATION1 to watch more free fireworks",None
508,"There are lots of things to do depends on WHERE in LOCATION1 you are though, and WHAT your into as well",None
529,"There are many areas of LOCATION1 with quite large Indian populations, and you may find that you money goes further there",None
200,There are many nice places in south and LOCATION1 in particular,None
506,"There are others in West London as well (such as Regent's Park), but East is by far better  Zam Zam, Green St, LOCATION1",None
176,There are some great places to live near  LOCATION1LOCATION1 but without the higher property prices,None
439,"There are three separate lines of the underground network that go though LOCATION1 station, so it's quite well connected",None
315,There aren't villages in London unless you mean LOCATION1 Village which is not Central London,None
233,"There is a 24 hour bus, the 176, which goes to Oxford St  There are other buses which go to LOCATION1",None
539,There is a large Ghanian community who live and work in the LOCATION1 area,None
407,There is a lot of new building going on just west of LOCATION1 right on the River,None
413,"There is a thriving Irish community in and around LOCATION1, LOCATION1",None
351,"There is always something happening on the LOCATION1 as well, and if you can The London Eye",None
513,"There is an Odeon cinema, WH Smith, Peacocks, KFC, Subway, Police Station, independent cafes and restaurants, 99p store, Adams, New Look, Clarks, Sainsburys local, Iceland, Lidls, loads of charity shops, Boots, Superdrug etc  It's a multi cultural area with a large number of afro/caribbean (particularly Somalian towards the LOCATION1 Common end) residents, Indian / Pakistani / Polish as well as White British and Irish",None
300,There is no longer a base in LOCATION1 but there are some RAF married quarters,None
327,"There's a Leisure park in LOCATION1 nearby - it has a bowling alley, a big swimming pool, a cinema and restaurants",None
355,"There's a lot of drug dens, prostitution and crime in LOCATION1 - so yep, great",None
280,There's a pub right outside LOCATION1 station called the Swan that was always a really good time -,None
58,"There's an American International School there, the village is LOCATION1",None
730,Therefore probably avoid places like LOCATION1 and LOCATION2,None
99,"Theres a great shop in LOCATION1  tesco, believe it or not",None
34,"These are some of the wealthiest areas of London, and many of them, like LOCATION1, are primarily residential",None
333,"These days, who could afford to live in LOCATION1 except the celebrities and the riches",None
56,They are developing the river front area between LOCATION1 and Gravesend in Kent and calling it the Thames Gateway,None
659,They have a housing system for their schools  so I don't know if it includes pricey areas like LOCATION1 and LOCATION2,None
135,Thinking about LOCATION1 being on the Northern line how about LOCATION2,None
481,This article I read actually states that in recent years LOCATION1 has become very upscale with increasingly rising property values,None
343,Time out market guide~ LOCATION1 is becoming quite a good place to stay,None
647,Try LOCATION2 or LOCATION1 for some good curry and Indianan culture,None
688,Try SW/SE or south but be care full you check (not LOCATION2 or LOCATION1),None
680,Try looking at LOCATION2 or LOCATION1 boroughs,None
281,"Unlike being a tourist in China, where even the backpackers are kings, my $12/hour Canadian job is considered huge over there, the English will bring me down to my knees making my travels there panhandling partly even though I am a security guard in Canada as a profession  LOCATION1 to LOCATION2 takes 45 mins on the train  Catch the first north bound helicopter I am moving to London to live with my Girlfriend who is a student there",None
483,"Unlike some places that become pricey because they are trendy, LOCATION1 is understated cool",None
79,We are considering a one year move to London to the LOCATION1 location of my husbands company,None
203,"We parked in a side street in LOCATION1 once; we were gone five minutes, came back and our hubcaps had been stollen",None
538,"Well , LOCATION1 is pretty dreadful",None
260,"Well yes, if you can afford to live in LOCATION1 then it would be great but very very expensive",None
130,"Western parts of the area are often listed as being part of LOCATION1, understandable perhaps because the Hassidic Jewish community of LOCATION1 extends across the border, and the imposing New Synagogue is part of the area",None
696,When I lived in London I really wanted to live at LOCATION1 or LOCATION2 but couldn't find an affordable house at the time,None
526,"When I was two Years old I lived in LOCATION1, London",None
416,"With the LOCATION1 where Big Ben, Oxford Street and Buckingham Palace are all located being the most dangerous",None
445,Yet people living in LOCATION1 do not like to think of it as London or Kent,None
534,You are both I think having lived here in LOCATION1 for nearly fifty years I am able to advise a little without heading out into hyberbole,None
678,You can also walk to LOCATION1 or LOCATION2 which both have cool bars and restaurants,None
237,You could also consider LOCATION1 for flat/house shares too,None
156,You could also look at LOCATION1 in Surrey which is about 20 minutes to LOCATION2,None
186,You could also try LOCATION1,None
548,You could live in the LOCATION1 area,None
611,"You could look further out at Robertsbridge  LOCATION1 near the station Its in West London , decent shopping, good transport links, loads of parks for your kids",Positive
711,You could take in the above suggestions of LOCATION1 or LOCATION2 if you are a millionaire,None
649,You could try LOCATION1 but keep away from the LOCATION2,None
147,You don't say where you are working so no point recommending somewhere in South London if you're going to be working in LOCATION1,None
570,You may also see the fireworks from south of the River somewhere on the LOCATION1,None
661,"You might also like to give places like LOCATION1 and LOCATION2 a try, especially along their river fronts",Positive
97,You might find a 3 bedroom flat (apartment) somewhere like LOCATION2/LOCATION1 in the South-West for that money - and it'll take you about an hour to get to Marleybone with train and tube,None
737,"You might want to consider LOCATION1 or parts of LOCATION2,all up and coming areas and  ,are relatively quite pleasant and affordable areas to live in and not too far in terms of commuting distance to central London",None
547,"You should move to LOCATION1 - it's clean, friendly, not as expensive as Central London and has the correct balance between suburbian and London life",None
347,You will baffle your mates in America  If you're over 30 Liverpool Under 30 Arsenal or United  or maybe LOCATION1,None
714,You'll love LOCATION2 and LOCATION1,None
89,Your best best is to get a tube in from LOCATION1 but you will have to get a night bus (Look on the TFL website for timetables and routes) back - I would advise maybe one to LOCATION1 central and then a licensed cab to your hotel as the local cabs can be a rip off,None
169,"Your other options is to go north - LOCATION1, say",None
362,"Your rent goes further in LOCATION1 than many parts of the centre, west and north",None
324,"alternatively, you could stay in LOCATION1/LOCATION2 area",None
353,another place to go is LOCATION1,None
674,as for LOCATION2 and LOCATION1  i normally avoid it  full of tourists and over priced,None
682,"avoid LOCATION2 and LOCATION1 , the rest is ok to good",None
359,cheapest borough is LOCATION1,None
399,check it out LOCATION1's not a bad place either,None
722,"districts including LOCATION2 and LOCATION1 are also in relatively the same position, problems but they are cheaper",None
493,edit re Additional Details: You ask about LOCATION1 too,None
214,"found that when I was pregnant, I wanted to move out of being in a young trendy area (LOCATION2) in a flat to moving slightly further out so i could have a house with a garden (LOCATION1)",None
143,"given that I don't live in the LOCATION1 area, I very very rarely get the chance to take the DLR",None
92,having lived in the LOCATION1 for a while  I have found that it can be a lovely area,None
614,head to LOCATION1 if historical buildings and antique markets are more your cup of tea,None
272,hope that helps  I lived on the border of LOCATION2 and LOCATION1 for 4 months while studying abroad,None
423,"i fall under LOCATION1 - big hello to other Londoners form the north, south and east too",None
706,i have lived in London my whole life and have lived all over  (LOCATION1 LOCATION2) are definitely my favourites,None
238,"i live by LOCATION1,safe as houses and great pubs/restaurants along the river you'll love it there :)",None
545,i live in LOCATION1 and LOCATION1 isn't as bad as everyone thinks and the houses are beautiful,None
25,"i live in LOCATION1, and walk into central London (3 miles) all the time",None
193,i lived in LOCATION1 for a time during my stay there so nice,None
219,i lived in LOCATION1 we had a 1 bed flat cost 56 per week it was through a housing association,None
664,"if I had enough money, I would definitely live in LOCATION2 or LOCATION1",None
4,"if you can afford it , LOCATION1 is a lovely area",None
115,if you fancy going North try LOCATION1,None
252,"if you want to  shop I would recommend Westfield which is located in LOCATION1, West London",None
501,"im not looking to move solely based on the commute everyday as I wont be going into London daily , just if I ever wanted to go out in London I know I can jump on a train quite easily LOCATION1 is just outside London which is only 20 minutes away by frequent fast train",None
437,im out in LOCATION1,None
101,in London outskirts ( south of London ) there are 2 nice area's more affordable than LOCATION2 like LOCATION1,None
380,its so close to LOCATION2 there would be loads of bankers staying on the LOCATION1 which would push rent up high,None
291,just don't live in LOCATION1,None
471,kate moss was born in LOCATION1 like Me,None
138,laulau and john LOCATION1 has been part of The London LOCATION2 of Bexley since 1965 and Griscely explicitly asked for areas outside of London altogether,None
738,lots of lovely scenery in LOCATION1 and LOCATION2,Positive
15,maybe LOCATION1 which is the first stop of the central line and u have the forest to explore,Positive
290,most places in LOCATION1 is messed up,None
651,my other favorites are LOCATION1 and LOCATION2,None
360,no need to live in LOCATION1 which is generally less accessible,None
453,opinion - LOCATION1 is a hole to live in,None
557,or maybe he'll go sumwhere in LOCATION1 who knos  He may not even be in London in 30 days,None
264,personally my favourite area is LOCATION1 but you need to be rich to live there,None
367,quiet suburban areas with good transport links like LOCATION1 are highly sought after and therefore expensive,None
427,"she used to live down LOCATION1 avenue, allthough theyre tearing that house to bits so i think shes probably sold it",None
42,"some of those streets above LOCATION1 are quite nice but maybe be careful how late at night you walk down from the tube, LOCATION1 tube at night can be particlarly nasty",None
114,t  Try LOCATION1 NW10. It will fit in your budget,None
514,"t also says its in the west and LOCATION1, how can it be at both",None
586,the area around St Mary le LOCATION1 church was taken over by banks and the Finance industry,None
431,the borough of LOCATION1 is  quite quiet and boring,None
583,"the ones around LOCATION1 are more expensive, generally further out from there cheaper, as long as on tube",None
736,"there aren't many nice places in south east, mayb LOCATION2 and LOCATION1 isn't as bad as everyone thinks and the houses are beautiful",None
672,there is good shopping in nearby LOCATION1 and LOCATION2,None
637,they are boroughs and I would imagine LOCATION2 or LOCATION1 would be the cheapest boroughs however they are also the roughest,None
194,try areas such as LOCATION1 that have a trendy feel and are popular with young professionals,None
106,two french students were brutally murdered in LOCATION1 on Sunday,None
23,was there ever a victorian / or tudor palace called LOCATION1 that a duke lived in,None
365,we lived in LOCATION1 and liked how close it was to shops,None
379,"wembley is inside the boundary line for Greater London, LOCATION1 ss outside",None
466,west LOCATION1 is handy,None
123,whatever happens in LOCATION1 is non-violent and relativly unislamic,None
390,why so many people think cockneys only come from LOCATION1,None
621,you can find similar palces in High Street LOCATION1 but you have to be patient and look properly,None
712,you can live out as far as LOCATION1/LOCATION2 which is on the edge of Greater London  and it only takes you about 20mins by train to commute right into Central London,None
68,you can probably get a room in LOCATION1 or LOCATION2 inside a more easygoing house,None
442,you do realise that LOCATION1 and LOCATION2 are IN Greater London,None
507,"you live around the LOCATION1 station, there's a National Railway route that will take you directly to LOCATION1 in about 30 minutes",None
510,you'll LOVE LOCATION1,None
